{"cameraMode":{"drawMode":0,"name":"Shaded","section":"Shading Mode"},"sceneLighting":false,"audioPlay":false,"sceneViewState":{"showFog":true,"showMaterialUpdate":false,"showSkybox":false,"showFlares":true,"showImageEffects":true,"showParticleSystems":true},"in2DMode":false,"pivot":{"x":-0.1488332748413086,"y":5.480796813964844,"z":0.17030155658721925},"rotation":{"x":-0.1710522472858429,"y":-0.002062209416180849,"z":0.0003574725124053657,"w":-0.9852609634399414},"size":7.141970634460449,"orthographic":false}